region,manager,agent,closed_deals,won_deals,win_rate,revenue,avg_cycle_days
Central,Melvin Marxen,Darcel Schlecht,553,349,0.6311,1153214.0,45.8
West,Celia Rouche,Vicki Laflamme,347,221,0.6369,478396.0,46.6
West,Summer Sewald,Kary Hendrixson,335,209,0.6239,454298.0,49.9
East,Rocco Neubert,Cassey Cress,261,163,0.6245,450489.0,46.0
East,Rocco Neubert,Donn Cantrell,275,158,0.5745,445860.0,48.9
East,Rocco Neubert,Reed Clapper,237,155,0.654,438336.0,44.6
West,Summer Sewald,Zane Levy,261,161,0.6169,430068.0,44.4
East,Cara Losch,Corliss Cosme,229,150,0.655,421036.0,47.2
West,Summer Sewald,James Ascencio,206,135,0.6553,413533.0,50.5
East,Rocco Neubert,Daniell Hammack,187,114,0.6096,364229.0,44.9
West,Summer Sewald,Maureen Marcano,213,149,0.6995,350395.0,50.4
Central,Melvin Marxen,Gladys Colclough,232,135,0.5819,345674.0,48.1
West,Celia Rouche,Markita Hansen,227,130,0.5727,328792.0,48.3
West,Summer Sewald,Kami Bicknell,272,174,0.6397,316456.0,47.6
Central,Melvin Marxen,Marty Freudenburg,194,122,0.6289,291195.0,46.1
West,Celia Rouche,Elease Gluck,126,80,0.6349,289195.0,46.3
Central,Melvin Marxen,Jonathan Berthelot,264,171,0.6477,284886.0,49.8
Central,Dustin Brinkmann,Anna Snelling,336,208,0.619,275056.0,50.0
West,Celia Rouche,Hayden Neloms,152,107,0.7039,272111.0,47.4
East,Rocco Neubert,Boris Faz,153,101,0.6601,261631.0,43.3
West,Celia Rouche,Rosalina Dieter,110,72,0.6545,235403.0,49.8
East,Cara Losch,Rosie Papadopoulos,121,78,0.6446,230169.0,46.0
Central,Dustin Brinkmann,Cecily Lampkin,160,107,0.6687,229800.0,38.7
Central,Dustin Brinkmann,Moses Frase,195,129,0.6615,207182.0,56.9
East,Cara Losch,Garret Kinder,123,75,0.6098,197773.0,49.4
Central,Dustin Brinkmann,Lajuana Vencill,231,127,0.5498,194632.0,52.8
Central,Dustin Brinkmann,Versie Hillebrand,264,176,0.6667,187693.0,46.8
Central,Melvin Marxen,Niesha Huffines,175,105,0.6,176961.0,52.6
East,Cara Losch,Wilburn Farren,79,55,0.6962,157640.0,52.0
East,Cara Losch,Violet Mclelland,193,122,0.6321,123431.0,51.7
